intercept,AGE,G1E_TOT_CHOL,G1E_HDL,G1E_LDL,G1E_TG,G1E_FBS,G1E_HGB,G1E_SGOT,G1E_SGPT,G1E_GGT,G1E_BMI,G1E_WSTC,G1E_BP_SYS,G1E_BP_DIA,EGFR,SMK_COMBINED1,SMK_COMBINED2,DRK_CON,METS,Q_FHX_STK1,Q_FHX_HTN1,Q_FHX_HTDZ1,Q_FHX_DM1,METS^2,DRK_CON^2
-10.12457,0.05499333,0.00543797,-0.00568788,-0.00387045,0.00011046,-0.0026765,0.03483473,-0.0083934,0.00919483,-0.00393927,-0.02903583,0.01108761,0.00528403,0.00197366,0.00110149,0.3244424,0.6450983,0.03823041,-0.00021911,-0.05226916,0.05872163,-0.3434399,0.02171791,-8e-08,-0.00262891
-10.48514,0.06757215,-0.00050816,0.00129883,-0.00136791,0.00113866,0.00197349,0.00553421,-0.00742955,0.00062856,0.00076736,-0.03696681,0.01362586,0.00356091,0.0071753,0.00261176,0.1169702,0.08052313,0.03741539,-4.039e-05,-0.08220559,-0.02474433,-0.02439255,-0.09270638,-2e-08,-0.0008753
