intercept,AGE,G1E_TOT_CHOL,G1E_HDL,G1E_LDL,G1E_TG,G1E_FBS,G1E_HGB,G1E_SGOT,G1E_SGPT,G1E_GGT,G1E_BMI,G1E_WSTC,G1E_BP_SYS,G1E_BP_DIA,EGFR,SMK_COMBINED1,SMK_COMBINED2,DRK_CON,METS,Q_FHX_STK1,Q_FHX_HTN1,Q_FHX_HTDZ1,Q_FHX_DM1,METS^2,DRK_CON^2
-8.744776,0.113374,-0.00013708,-0.00307692,-0.00226382,-0.00011347,0.00666073,-0.1596548,0.01187807,-0.00770291,0.00722241,-0.05802016,0.02138791,0.00065942,0.00455154,-0.00318986,0.4915273,0.8202815,-0.00492613,-0.00026506,-0.1032132,-0.08450503,0.05717994,-0.04648058,9e-08,0.00061417
-6.375576,0.1060652,-0.0013047,-0.00445088,-0.00102801,-0.00038485,0.0056876,-0.1788216,0.01714753,-0.00440366,0.00312303,-0.1099215,0.02267535,0.00592475,-0.00061692,1.006e-05,0.1009108,0.6230138,-0.03188874,-0.00039209,0.00240772,-0.147858,-0.08358185,-0.03407394,1.4e-07,0.00095866
