intercept,AGE,G1E_TOT_CHOL,G1E_HDL,G1E_LDL,G1E_TG,G1E_FBS,G1E_HGB,G1E_SGOT,G1E_SGPT,G1E_GGT,G1E_BMI,G1E_WSTC,G1E_BP_SYS,G1E_BP_DIA,EGFR,SMK_COMBINED1,SMK_COMBINED2,DRK_CON,METS,Q_FHX_STK1,Q_FHX_HTN1,Q_FHX_HTDZ1,Q_FHX_DM1,METS^2,DRK_CON^2
-15.29293,0.03245425,-0.00059291,-0.00834482,-0.00263146,0.00225816,0.07741242,-0.00454657,-0.01191026,0.01904347,0.00420474,0.07075631,0.01992073,0.00648368,-0.00264542,0.00173298,0.00906235,0.2420701,-0.02732339,8.57e-05,0.01984814,-0.08518715,-0.2403949,0.7449435,-2e-08,0.00097971
-13.36997,0.03169934,0.0008277,-0.00936272,-0.00309144,0.00070264,0.06416687,-0.01858025,-0.00047362,0.00924526,0.00237248,0.06350337,0.0174942,0.00332683,-0.00017818,0.00306074,0.09162591,0.3472904,-0.01847144,-1.68e-05,-0.03432723,-0.1029102,-0.06742553,0.6511173,5e-08,0.00046902
